plant_id,scientific_name,common_name,height,spread,description
1,Abies concolor,White Fir,40+,20+,"Large conifer, spire-like growth, bluish foliage, like a Christmas tree inland 4500 - 10,000'"
2,Abutilon palmeri,Indian Mallow,5,5,"Compact sub-shrub, silver, velvet-like leaves, showy, pastel orange flowers"
3,Acacia farnesiana (A. minuta),"Sweet Acacia, Huisache",8-12,10,"Large shrub, small tree, multi-stemmed, thorny, flowers yellow, used in perfume subtropics many locations wide range forest"
4,Acacia greggii,Catclaw,5-15,10,"Spreading deciduous shrub/small tree, curved spines, yellow flowers includes S. Mojave below 6000'"
5,Acalypha californica,California Copperleaf,2-3,3,"Rounded dense shrub, dark green leaves, interesting red flowers, long season inland, desert 700 - 4000' scrub"
6,Acer macrophyllum,Big Leaf Maple,10-40+,20+,"Large deciduous multi-branched/trunk tree, open habit, nice fall color, fast inland below 5000'"
7,Acer negundo ssp. californicum,Box Elder,20+,15+,"Round-headed tree, deciduous, compound leaves, casts dense shade, fast inland below 6000' woodland"
8,Achillea millefolium,Yarrow,1-2,2-3,"Low creeping perennial, fern-like narrow leaves, showy white to pink flowers communities"
9,Adenostoma fasciculatum,Chamise,5+,6,"Common shrub, dark green narrow leaves, white flowers, attractive red bark SU"
10,Adenostoma fasciculatum ‘Nicolas’,Prostrate Chamise,1,3-5,"horticultural selection A. fasciculatum: origin = cuttings, San Nicolas Island; Flat groundcover, tiny dark green leaves, good in rock garden, needs drainage intro as A. f. ‘prostratum’ R. M. Beauchamp (1979), Tree of Life Nursery (2001) SU"
11,Adenostoma fasciculatum ‘Black,Diamond’ Compact Chamise,2-3,2-3,"horticultural selection A. fasciculatum: origin = cuttings, Black Diamond Mines Shrub, rigid branches, prune to create ""bonzai"" effect, rock garden Regional Park, Contra Costa Co.; intro Roger Raiche UC Bot. Gdn. 19__ SU"
12,Adenostoma sparsifolium,Redshanks,6-20,15,"Tree-like shrub, multi-colored bark forms ribbons, fragrant white flowers inland"
13,Adolphia californica,Spineshrub,4,6+,"Deciduous shrub, fragrant flowers, erosion control, low barrier, endangered Baja California below 1000' chaparral SP"
14,Aesculus californica,California Buckeye,10-30,18,"Small deciduous tree, interesting structure, showy bloom, large seeds inland below 4000' SU"
15,Agave americana (including variegated types),Century Plant,3-6,4-5,"Striking accent plant, bold succulent leaves in large rosette, drought tolerant many locations woodland"
16,Agave deserti,Desert Century Plant,2-6,4-6,"Succulent, rosette, canary yellow bloom, blue-green leaves deserts below 5000'"
17,Agave parryi,Mescal,3-4,3-4,"Mid-sized spiny succulent, blue-green leaves in stiff rosette Sonoran Desert many locations woodland"
18,Agave parryi var truncata (A. huachucensis),Century Plant,2-3,2-3,"Outline like a globe, thick succulent leaves in round rosette, yellow flowers many locations woodland"
19,Agave shawii,Shaw’s Century Plant,2-3,4-5,"Succulent, rosette, glossy green leaves, large bloom spike (also Pt. Loma) low elevations"
20,Agave vilmoriniana,Mescal,4-7,3-6,"Large smooth succulent, light green leaves, fleshy, recurving, architectural woodland"
21,Agrostis pallens (A. diegoensis),San Diego Bent Grass,<1,2,"Fine-textured deciduous grass, creeping rhizomes, delicate panicles, meadows below 10,000'"
22,Allium haematochiton,,,1,"Bulb, white to rose flowers with purple midvein, excellent in dry borders intermediate grassland SP"
23,Allium hyalinum,Onion Lily,1,1,"Spreading bulb, showy white flowers, onion taste & fragrance, meadows, seasonal Foothills 500'- 5000' woodland"
24,Alnus rhombifolia,White Alder,10-30,20,"Deciduous streamside tree, backdrop, dark green leaves, fast growth inland below 5000' SP"
25,Ambrosia chamissonis,Sand Bur,1,6,"Sprawling, mat-forming perennial, silvery foliage, good slope stabilizer SU"
26,Ambrosia pumila,San Diego Ragweed,<1,1-2,"Groundcover, herb stems from rhizomes, delicate gray leaves, rock garden or pots intermediate below 500' chaparral SU"
27,Amorpha fruticosa,False Indigobush,3-8,8,"Large deciduous shrub, excellent erosion control, deep purple flower, versatile inland below 5000'"
28,Anemopsis californica,Yerba Mansa,1,4-5,"Groundcover, runs, spreads & tacks, shiny leaves, large white flowers inland, high desert communities SU"
29,Anisacanthus quadrifolius var. wrightiiDesert,Honeysuckle,4-6,4-5,"Upright woody shrub, red flowers attract hummingbirds Sonoran Desert 2500 - 5500' woodland -F"
30,Antigonon lep to pus,San Miguel Coral Vine,,,"Rosa de Montana Vine, sprays of brilliant dark pink flowers, sprawl or climb intermediate below 3000' F"
31,Apocynum cannabinum,Indian Hemp,2,6,"Deciduous perennial herb, erect stems, riparian, traditionally used for fiber"
32,Aquilegia caerulea (hybrid seedlings),Rocky Mountain Columbine,1-2,2,"Perennial, Colorado state flower, many colors, long spurs, attracts hummingbirds Sonoran Desert forest"
33,Aquilegia formosa,Red Columbine,2,2,"Herbaceous perennial, good border plant, woodland effect inland below 8000' woodland"
34,Arbutus menziesii,Madrone,40+,30+,"Majestic evergreen tree, beautiful branching habit, acid-loving, red berries in fall intermediate below 5000' forest"
35,Arctostaphylos bakeri ‘Louis,Edmunds’ Louis Edmunds Manzanita,6-8,6,"horticultural selection A. bakeri: origin = north coast, selected by Louis Edmunds; Evergreen shrub, beautiful upright form, nice bark, pink flowers intro Saratoga Horticultural Foundation 1962 SP"
36,Arctostaphylos ‘Byrd Hill’,Byrd Hill Manzanita,8-10,8,"horticultural selection A. manzanita: origin = cuttings (1972) by Byrd Hill, Large shrub/small tree, thick gray-green leaves, reddish bark, white flowers Napa Co.; intro Skylark Nursery 1975"
37,Arctostaphylos catalinae,Catalina Manzanita,18,12,"Arborescent shrub, grayish leaves, large flwr clusters, sinuous branches, smooth red bark Island below 1500'"
38,Arctostaphylos cruzensis,Arroyo de la Cruz Manzanita,1-3,10,"Groundcover with sculptural habit, light green leaves, dense white flowers"
39,Arctostaphylos densiflora ‘Howard,McMinn’ McMinn Manzanita,4-6,6,"horticultural selection A. densiflora: origin = north coast foothills; Medium shrub, light green leaves, many white-pink flowers intro Saratoga Horticultural Foundation 1955"
40,Arctostaphylos densiflora ‘Sentinel’,Sentinel Manzanita,6-8,6,"horticultural selection A. densiflora: origin = north coast foothills; Medium shrub, good upright form, white flowers, attractive sturdy habit intro Saratoga Horticultural Foundation 1962"
41,Arctostaphylos edmundsii ‘Car mel,Sur’ Carmel Sur Manzanita,1-2,6,"horticultural selection A. edmundsii: origin = central coast, Monterey Co.; Mounding groundcover, new growth bronze, soft texture, moderate to rapid intro Saratoga Horticultural Foundation 1972 SP"
42,Arctostaphylos edmundsii ssp. parvifolium,,<1,4-6,"Petite groundcover, tidy light green foliage, many clusters of white flowers"
43,Arctostaphylos ‘Emerald Carpet’,"Emerald Carpet Manzanita hybrid; origin = seed (1964) A. uva-ursi x A. nummularia, Haven's Neck",1,4-6,"Compact groundcover, prefers rich acidic soil, some shade and moisture Mendocino Co.; intro Rancho Santa Ana Botanic Garden 1974"
44,Arctostaphylos glandulosa ssp. crassifolia,Del Mar Manzanita,6-15,8-10,"Large shrub, glaucous foliage, striking branching pattern, smooth red bark below 500' chaparral"
45,Arctostaphylos glauca,Bigberry Manzanita,6-15,8-10,"Large shrub, glaucous foliage, striking branching pattern, smooth red bark below 4500' woodland"
46,Arctostaphylos ‘Greensphere’,Greensphere Manzanita,3,3,"hybrid, random; origin = seed (1962) from open pollinated A. edmundsii; Small rounded shrub, compact, new growth at trac tive, reddish intro Rancho Santa Ana Botanic Garden 1974"
47,Arctostaphylos hookeri ‘Monterey,Carpet’ Monterey Carpet Manzanita,1,5-8,"horticultural selection A. hookeri: origin = cuttings, central coast, Monterey Compact groundcover, bright green leaves, pink flowers, slow, prefers acid soil Peninsula, Monterey Co.; intro Saratoga Horticultural Foundation 1956"
48,Arctostaphylos insularis ‘Canyon,Sparkles’ Canyon Sparkles Manzanita,,6,"horticultural selection A. insularis: origin = seedling (19 ) selected by Dara Medium size shrub, very glossy bright green leaves, white flowers Emery from seed col. on Santa Cruz Isl.; intro Santa Barbara Botanic Garden 1980"
49,Arctostaphylos ‘John Dourley’,John Dourley Manzanita,3,4-6,"hybrid, random; origin = volunteer seedling (19 ) near hybrid manzanita area, Low mounding shrub, gray-green leaves, new growth red dish, pink flowers, compact RSABG, selected by John Dourley (1978); intro Tree of Life Nursery 1990 SP"
50,Arctostaphylos ‘Lester Rowntree’,Lester Rowntree Manzanita,8-10,10+,"hybrid, random; origin = seed (1942) A. obispoensis x A. pajaroensis?, collected Tall spreading shrub, gray-green leaves, white-pink flowers by L. Rowntree in L. Edmund's garden (1947), selected 1964; intro RSABG 1982"
51,Arctostaphylos manzanita,Common Manzanita,6-25,18,"Large shrub to small tree, dramatic branch structure, good specimen woodland"
52,Arctostaphylos ‘Ophio-viridis’,Ophio-viridis Manzanita,1,4-6,"hybrid, natural; origin = cuttings (1962) Pt. Sur, central coast, Monterey Co.; intro Groundcover, closely overlapping bright green leaves, light shade Rancho Santa Ana Botanic Garden 1975 SP"
53,Arctostaphylos otayensis,Otay Manzanita,4-10,4-8,"Medium shrub, green foliage, many white flowers, smooth red bark 1800 - 5500'"
54,Arctostaphylos ‘Pacific Mist’,Pacific Mist Manzanita,2,6,"hybrid, A. silvicola x ?; origin = volunteer seedling (19 ) in hybrid Mounding groundcover, gray-green leaves, rapid growth, good shape manzanita area; intro Rancho Santa Ana Botanic Garden 1981"
55,Arctostaphylos pajaroensis ‘Paradise’,Pajaro Manzanita,3-8,3-6,"horticultural selection A. pajaroensis: origin = cuttings from W. Roderick Rounded shrub, leaves clasping stems, new growth pink/red, shedding bark (197?); intro Suncrest Nurseries 1982"
56,Arctostaphylos peninsularis,Peninsular Manzanita,5,5-8,"Medium shrub, glaucous-green leaves, white flowers, large berries 1500 - 2000' SP"
57,Arctostaphylos refugioensis,Refugio Manzanita,6-8,10,"Large shrub, new spring growth flame-red, white-pink flowers, excellent about 2250' SP"
58,Arctostaphylos rudis,Sand Mesa Manzanita,,7,"Medium size shrub, attractive shredding bark, open habit, dependable chaparral"
59,Arctostaphylos uva-ursi ‘Anchor,Bay’ Anchor Bay Bearberry,1,4-6,"horticultural selection A. uva-ursi: origin = cuttings (1962) Anchor Bay, north Groundcover, deep green shiny oblong leaves, mod er ate, dense, acid soil coast, Mendocino Co.; intro Rancho Santa Ana Botanic Garden 19___"
60,Arctostaphylos uva-ursi ‘Point,Reyes’ Point Reyes Bearberry,1,4-6,"horticultural selection A. uva-ursi: origin = cuttings (1949) Pt. Reyes, north coast, Groundcover, lush green rounded leaves, slow-mod er ate, proven, long-lived Marin Co.; intro Rancho Santa Ana Botanic Garden 1956"
61,Arctostaphylos ‘Sunset’,Sunset Manzanita,3-4,4-6,"hybrid, natural; origin = cuttings (1974) Prunedale, central coast, Monterey Mounding shrub, shiny leaves, new growth red, flowers white/pink, berries, excellent Co., named for Sunset Magazine’s 75 year anniversary; intro Saratoga Hort 1976"
62,Arctostaphylos ‘Wood’,s Compact’ Wood’s Compact Manzanita,1,3-6,"horticultural selection A. uva-ursi: origin = cuttings (19__), Long Beach, WA; Groundcover, dark green leaves, red branches, pink flowers intro Edsal Wood 1972"
63,Argemone corymbosa,Prickly Poppy,3,2,"Perennial, blue/green foliage, large white flowers, needs drainage, desert garden 1400 - 3500' SU"
64,Aristida purpurea,Purple Three-Awn,1-2,1,"Bunch grass, graceful narrow leaves, beautiful delicate seed heads, accent inland hills below 6000' chaparral"
65,Artemisia californica,Coastal Sagebrush,3-4,2-3,"Aromatic shrub, gray-green foliage, soft texture, good erosion control, fast intermediate below 2500' grassland"
66,Artemisia californica ‘Canyon,Gray’ Canyon Gray Sagebrush,1-2,6,"horticultural selection A. californica: origin = cuttings (1972) San Miguel Island; Dense silver mat, aromatic foliage like Parrot’s Beak Lotus, clean intro Santa Barbara Botanic Garden 1980"
67,Artemisia californica ‘Montara’,Montara Sagebrush,1-2,4,"horticultural selection A. californica: origin = cutting (1987) Montara Mountain, Dense gray-green mat, aromatic soft foliage, spreading north coast, San Mateo Co.; intro Wildwood Nursery 1987"
68,Artemisia douglasiana,Douglas Mugwort,2-3,3,"Herbaceous subshrub, aromatic gray-green leaves, pe ren ni al rootstock, revegetation inland up to 6000'"
69,Artemisia ludoviciana,Silver Wormwood,1-2,3+,"Aromatic creeping perennial, tomentose foliage, showy inflorescence, rock gardens many locations below 6000' F"
70,Artemisia nesiotica,Channel,1-2,2-4,"Low sub-shrub, silver ""snowflake"" foliage, prefers coastal exposure canyons SU"
71,Artemisia palmeri,San Diego Sagewort,2-3,3,"Woody perennial, small linear green leaves, upright habit, revegetation below 1500' riparian"
72,Artemisia pycnocephala,Sandhill Sage,1-2,3,"Herbaceous perennial, low, dense, mounding, delicate gray foliage, good accent below 500' beach/dune"
73,Artemisia pycnocephala ‘David’s,Choice’ David’s Choice Sagewort,1,2-3,"horticultural selection A. pycnocephala: origin = cuttings (1978), Point Reyes Low mounding perennial, silver foliage, needs good drainage Lighthouse; intro David Amme 1980"
74,Artemisia tridentata,Great Basin Sagebrush,2-5,3,"Rounded shrub, silvery foliage, accent plant or background, neat high desert communities"
75,Asclepias curassavica,Blood Flower Milkweed,3-4,3-4,"Upright perennial, attractive leaves, bright orange and red flowers, for butterflies communities SU"
76,Asclepias fascicularis,Narrow-Leaf Milkweed,3-4,3-4,"Herbaceous perennial, winter dormant, butterfly gardens, attracts monarchs inland communities"
77,Asclepias speciosa,Showy Milkweed,2-3,2,"Winter dormant perennial, large pinkish flowers, monarch butterfly host plant below 6000' communities SU"
78,Aster chilensis,California Aster,1,3,"Creeping perennial groundcover, excellent nectar plant for butterflies salt marshes F"
79,Astragalus trichopodus,,1,3,"Leguminous perennial, silver foliage, cream-colored flowers, air-filled pods intermediate foothills grassland SU"
80,Atriplex canescens,Fourwing Saltbush,4-6,10,"Spreading evergreen shrub, gray-green leaves, tolerates poor soil below 7000'"
81,Atriplex lentiformis ssp. breweri,Coastal Quail Brush,4-8,10+,"Large mounding shrub, excellent conservation plant, tolerates poor soil below 2000' F"
82,Baccharis ‘Centennial’,"Centennial Desert Broom hybrid; origin = seedling (1975) B. pilularis x B. sarothroides, select male; intro",2-3,4-6,"Groundcover, mounding, lime green leaves, dense form, heat and drought tolerant University of Arizona 1979 to celebrate the 100 year anniversary of U of A"
83,Baccharis emoryi,,3-10,4-6,"Medium shrub, woody, upright, large leaves, riparian margin southern deserts below 2500' scrub"
84,Baccharis pilularis ssp. consanguinea,"Chaparral Broom, Coyote Brush",4-8,6-8,"Woody perennial, summer green, very drought tolerant, serviceable intermediate below 2000' chaparral W"
85,Baccharis pilularis ‘Pigeon,Point’ Dwarf Coyote Bush,1,5,"horticultural selection B. pilularis: origin = cuttings (19__) Pigeon Pt., north Evergreen ground cover, mounding with age, light green rounded leaves coast, San Mateo Co.; intro Ken Taylor Nursery 1975"
86,Baccharis pilularis ‘Twin,Peaks #2’ Dwarf Coyote Bush,1,5,"horticultural selection B. pilularis: origin = cuttings (1956) Twin Peaks, north Evergreen groundcover, prostrate, small toothed leaves coast, San Francisco Co.; intro Rancho Santa Ana Botanic Garden 1959"
87,Baccharis salicifolia (B. glutinosa),Mule Fat,4-10,8,"Semi-deciduous shrub, willow-like leaves, rich green foliage, revegetation up to 2000' SU"
88,Baccharis sarothroides,Broom Baccharis,6-12,4-6,"Medium-tall shrub, broom-like branches, small leaves, heat, wind, drought tolerant deserts below 1000' scrub"
89,Baileya multiradiata,Desert Marigold,<1,2,"Short-lived perennial, woolly stems and foliage, bright yellow flowers, reseeds below 5000' -F"
90,Betula occidentalis (B. fontinalis),Water Birch,8-15,6-8,"Deciduous tree, rich green leaves, dark bronze bark, fall color, specimen central 2000 - 8000' forest"
91,Bidens laevis,Bur Marigold,2-5,4-5,"Herbaceous perennial, bright yellow flowers, marsh revegetation, fast-growing below 1500' riparian SU"
92,Bidens nudata,Yellow Laguna Bur Marigold,2-3,2-3,"Herbaceous perennial, lacy green foliage like Cosmos, fast-growing Cape Region Sierra de la Laguna mountains woodland SU Brahea (Erythea)"
93,Bidens armata,Blue Hesper Palm,45,10,"Stout-trunked fan palm, striking silver-blue fronds, long flower spikes below 3000'"
94,Bidens edulis,Guadalupe Palm,15,10,"Fan palm, clean trunk, rich green leaves, large black fruit endemic (Guadalupe) below 2000'"
95,Brickellia californica,California Brickellbush,3-5,3-5,"Small shrub, bushy habit, triangular scalloped leaves, inconspicuous fragrant blooms below 8000' F"
96,Caesalpinia californica,Vara Prieta,10,8,"Open shrub or small tree, fern-like leaves, light yellow flowers, fast growth Baja California (Cape Region)"
97,Caesalpinia gilliesii,Yellow Bird of Pradise,8,6,"Small, deciduous tree, showy flowers, naturalized in Arizona & Texas S. America SU"
98,Calliandra californica,"Baja Fairy Duster, Tabardillo",2-6,4-5,"Med shrub, small lvs, showy rich red flowers, slow-growing, attracts hummingbirds Arizona, Sonoran Desert below 1000'"
99,Calliandra eriophylla,Pink Fairy Duster,2-4,2-4,"Small shrub, little leaves, flowers like tiny whisk brooms, showy, slow-growing below 1000'"
100,Calocedrus decurrens,Incense Cedar,40+,25+,"Majestic evergreen tree, reddish trunk, bright green foliage, good inland inland 2400 - 8200'"
101,Calycanthus occidentalis,Spice Bush,6-12,8,"Large deciduous shrub, fragrant bright green leaves, dark red flowers, unique inland"
102,Calylophus hartwegii,Sundrops,1,3+,"Low spreading perennial, green leaves, large lemon yellow flowers, long bloom New Mexico to 7000' SU"
103,Calystegia macrostegia ‘Anacapa,Pink’,,,"Vigorous vine, many pale pink flowers, long bloom season, fast intro University of California, Los Angeles 19__ SU"
104,Calliandra,Camissonia (Oenothera)cheiranthifolia Beach Evening Primrose,1,3,"Herbaceous perennial, gry/grn leaves, yellow flowers during day, forms dense mats low elevations SU"
105,Carex pansa,California Meadow Sedge,<1,2+,"Low creeping perennial, rich green grass-like foliage, lawn substitute for small areas ocean bluffs"
106,Carex praegracilis,Clustered Field Sedge,1,2+,"Spreading perennial, dark green foliage, effective groundcover, common in wet areas mountains to 9000'"
107,Carex spissa,San Diego Sedge,3-4,2-3,"Large clumping perennial, flowers resemble cattails, nice in containers to 2000’ chaparral"
108,Carex tumulicola,Berkeley Sedge,1,2,"Attractive clumping perennial, arching foliage, good understory groundcover mountains, islands to 4000' woodland, forest"
109,Carpenteria californica,Bush Anemone,4-8,5,"Evergreen shrub, narrow dark green glossy leaves, fra grant white flowers, notable forest SU"
110,Ceanothus ‘Anchor Bay’,,1,4-7,"horticultural selection C. gloriosus: origin = cuttings (19__) Men do ci no Co.?; Groundcover, dense habit, dark green leaves, dark blue flower intro Saratoga Horticultural Foundation 1976"
111,Ceanothus arboreus,,15-20,12,"Large shrub/small tree, large glossy leaves, 3"" - 5"" light blue flower clusters below 1500' chaparral"
112,Ceanothus ‘Blue Cushion’,hybrid; origin = plants (1958) sent by Louis Edmunds; intro Rancho Santa Ana,2-4,5,"Dense, mounding shrub, small rich green leaves, dark blue flowers Botanic Garden 1958"
113,Ceanothus ‘Blue Jeans’,,4-6,6,"hybrid, random; origin = seedling (1963) C. gloriosus x C. masonii; intro Large erect shrub, small leaves, vigorous, strong habit, tolerates heavy soil Rancho Santa Ana Botanic Garden 1969"
114,Ceanothus ‘Centennial’,Centennial Ceanothus,1,4-5,"horticultural selection, natural hybrid C. foliosus x C. griseus: Very low, small shiny green leaves, royal purple flowers, quite attractive origin = cuttings (1990) Point Reyes; intro Roger Raiche UC Bot. Gdn. 1990"
115,Ceanothus ‘Concha’,hybrid; origin = seedling (1946) C. papillosus var. roweanus x C. impressus; intro,5-6,6,"Dense medium shrub, rich green foliage, dark cobalt blue flowers, heavy bloom Beeline Nursery 1949"
116,Ceanothus crassifolius,Hoaryleaf Ceanothus,3-12,8,"Multi-branched med shrub, thick olive green leaves, woolly beneath, white flowers below 3500' W"
117,Ceanothus cyaneus,Lakeside Lilac,12,8,"Medium shrub, rigid gray/green bark, deep blue flowers, drought & heat tolerant 1000 - 2500'"
118,Ceanothus ‘Dark Star’,hybrid; origin = seedling (1968) C. impressus x C. papillosus var. roweanus?;,4-6,6,"Mounding shrub, small leaves, profuse bloom, dark blue flowers intro Ken Taylor Nursery 1971"
119,Ceanothus ‘Frosty Blue’,,8-10,10+,"hybrid, random; origin = seedling (1964) C. thyrsiflorus x C. arboreus?; intro Large shrub, dark green leaves, bicolor blue/white flow ers, good in heavy soil Rancho Santa Ana Botanic Garden 1974"
120,Ceanothus gloriosus ‘Point,Reyes’,1,4-6,"horticultural selection C. gloriosus: origin = cuttings (1972) Pt. Reyes peninsula, Low groundcover, toothed dark green leaves, good near coast, tolerates light traffic north coast, Marin Co.; intro Skylark Nursery 1975"
121,Ceanothus greggii ssp. perplexans,Cupleaf Lilac,3-6,4-6,"Med. rounded shrub, rigid, gray/green leaves, white flowers, drought & heat tolerant inland 3000 - 7000'"
122,Ceanothus griseus horizontalis ‘Yankee,Point’,2-3,6+,"horticultural selection C. griseus horizontalis: origin = cutting (1954) SHF, Low shrub, shiny green leaves, blue flowers, de pend able, clean Yankee Pt., central coast, Monterey Co.; intro Saratoga Hort. Foundation 1956"
123,Ceanothus griseus ‘Louis,Edmunds’,6,8-10,"horticultural selection C. griseus: origin = seedling (1942) selected at Tilden Park Medium shrub, dark green foliage, profuse bloom, rapid growth, excellent by Louis Edmunds; intro Saratoga Horticultural Foundation 1955"
124,Ceanothus griseus ‘Santa,Ana’,6,12,"horticultural selection C. griseus: origin = seed (1949) Louis Edmunds, Pt. Arena, Large shrub, small dark green leaves, rich blue flow ers, good for slopes north coast, Mendocino Co.; intro Rancho Santa Ana Botanic Garden 1953"
125,Ceanothus hearstiorum,Hearst's Ceanothus,1,6,"Very low groundcover, shiny dark green leaves, dark blue flowers, tidy (SLO Co.) below 1000' chaparral"
126,Ceanothus ‘Heart’,s Desire’ Heart’s Desire Ceanothus,1,3-4,"horticultural selection C. foliosus x C. gloriosus: origin = cuttings (1993) Very low groundcover, dense, shiny green leaves, blue flowers north coast Bodega Bay; intro Cal Flora Nursery 1995"
127,Ceanothus impressus,Santa Barbara Ceanothus,5-10,8,"Dense medium shrub, small leaves, deep blue flower, best in sandy soils below 1500'"
128,Ceanothus ‘Joan Mirov’,Joan Mirov Ceanothus,4,5-8,"horticultural selection, natural hybrid C. foliosus x C. griseus: Medium shrub, small leaves, tight dark blue flower, shade tolerant origin = cuttings (1990) Point Reyes; intro Roger Raiche UC Bot. Gdn. 1990"
129,Ceanothus ‘Joyce Coulter’,,3-5,12,"hybrid random; origin = seedling (1956) C. papillosus roweanus x C. thyrsiflorus; Mounding low shrub, medium green leaves, rich blue flowers over long season intro Saratoga Horticultural Foundation 1962"
130,Ceanothus ‘Julia Phelps’,,4-6,8,"hybrid random; origin = seedling (1945) Leonard Coates Nsy, C. papillosus var. Dense medium shrub, small dark green leaves, profuse dark blue flowers, rigid habit roweanus x C. impressus?; intro Saratoga Horticultural Foundation 1951"
131,Ceanothus ‘Kurt Zadnik’,Kurt Zadnik Ceanothus,4-5,8,"horticultural selection C. griseus: origin = cuttings (1983) Salt Point State Park, Medium shrub, tall groundcover, deep blue flowers, drought tolerant Horseshoe Cove, Sonoma Co.; intro UC Berkeley 1991"
132,Ceanothus leucodermis,Whitebark Lilac,6-12,10,"Tall shrub, gray green leaves, light blue flowers, revegetation, screen inland below 6000'"
133,Ceanothus maritimus,Maritime Ceanothus,1-3,6,"Low shrub/groundcover, light blue flowers, like Co to neas t er in leaf & habit below 500'"
134,Ceanothus maritimus ‘Popcorn’,,1,2-3,"horticultural selection C. maritimus: origin = cuttings (1985) from nursery Groundcover, dense habit, small leaves, white flowers, slow growth seedlings, seed from San Luis Obispo Co.; intro UC Davis 1993"
135,Ceanothus megacarpus,Big Pod Ceanothus,4-12,8+,"Large shrub, leathery leaf, heavy white bloom, drought tolerant intermediate below 2000' chaparral SP"
136,Ceanothus ‘Mount Vision’,,1-2,3-5,"horticultural selection C. gloriosus prorectus: origin = type specimen for species Dense mat, tiny olive-green leaves, light blue flowers, vigorous habit (1939) selected by Louis Edmunds, Pt. Reyes, Marin Co.; reintro TOLN 1987"
137,Ceanothus ramulosus var. fascicularis,Coast Ceanothus,5-8,6+,"Medium shrub, profuse pale blue-lavender flowers, good form, xeric look below 1500' chaparral"
138,Ceanothus ‘Ray Hartman’,"hybrid; origin = seedling (1932) Leonard Coates Nsy, C. griseus x C. arboreus;",15,10,"Large shrub, or prune into small tree, large glossy leaves, blue flowers, specimen intro Saratoga Horticultural Foundation 1956"
139,Ceanothus rigidus ‘Snow,Ball’,2-4,5,"horticultural selection C. cuneatus var. rigidis: origin = cuttings (1950) Yankee Pt., Medium shrub, small leaves, profuse early white flowers, interesting branching central coast, Monterey Co.; intro Rancho Santa Ana Botanic Garden 1954 SP"
140,Ceanothus ‘Sierra Blue’,,8-15,10+,"hybrid, F2; origin = seedlings (1948) University of California, Los Angeles from Large shrub, glossy leaf, light blue flowers, rapid growth C. 'La Primavera' (C. cyaneus x , 1935 SBBG) x C. cyaneus?; intro UCLA 1948"
141,Ceanothus ‘Sierra Snow’,hybrid; origin = seedling (1941) C. cuneatus x C. fresnensis; intro,8-10,8+,"Large shrub, dark green leathery leaves, many creamy white flowers Rancho Santa Ana Botanic Garden 1979 SP"
142,Ceanothus spinosus,Greenbark Ceanothus,6-8,8+,"Tall evergreen shrub, light blue flowers, deep soils, good screen or barrier intermediate below 3000' chaparral"
143,Ceanothus thyrsiflorus ‘Arroyo de la,Cruz’,2-4,4-8,"horticultural selection C. thyrsiflorus: origin = cuttings (1980) Low spreading shrub, dense habit, small leaves, blue flowers, fast growth Arroyo de la Cruz, SLO Co.; intro Nevin Smith, Suncrest Nurseries 1983"
144,Ceanothus thyrsiflorus ‘Skylark’,,3-5,5,"horticultural selection C. thyrsiflorus: origin = cutting (1975) north coast Compact shrub, dark green leaves, profuse dark blue flowers, long season Mendocino Co., intro Leonard Coates Nursery 1976"
145,Ceanothus thyrsiflorus ‘Snow,Flurry’,6-12,10,"horticultural selection C. thyrsiflorus: origin = cutting (1968) Big Sur, central Large shrub, shiny green leaves, profuse bloom, large white flower clusters, fast coast, Monterey Co.; intro Joe Solomone 1975"
146,Ceanothus tomentosus var. olivaceus,Woollyleaf Ceanothus,6-12,8+,"Large shrub, heavy bloom, flower color varies from azure blue to almost white below 3500'"
147,Ceanothus verrucosus,Wartystem Ceanothus,3-12,8+,"Medium shrub, small leaves, white flowers, needs good drainage, stiff habit intermediate low elevations chaparral SP"
148,Ceanothus ‘Wheeler Canyon’,,5-6,6,"horticultural selection C. papillosus var. roweanus: origin = cuttings (1971), Medium shrub, compact, shiny leaves, heavy dark blue bloom Wheeler Gorge, south coast, Ventura Co.; intro Santa Barbara Botanic Garden 1981"
149,Cercidium floridum,Blue Palo Verde,10-20,15,"Dec tree, blue-green leaves/branches/trunk, yellow flowers, tolerates heat, drought below 1200'"
150,Cercis occidentalis,Western Redbud,8-20,10+,"Small deciduous tree, showy pink flowers, resistant to oak root fungus inland below 4500' woodland"
151,Cercocarpus betuloides,Western Mountain Mahogany,6-20,12,"Evergreen tree or large shrub, dark green leaves, unusual seed plume, good screen inland below 6000' woodland"
152,Cercocarpus minutiflorus,San Diego Mountain Mahogany,6-15,10,"Large evergreen shrub, small bright green leaves, un usu al seed plume, screen hills below 3000' chaparral"
153,Chilopsis linearis,Desert Willow,10-20,15,"Deciduous bushy tree, willow-like leaves, large cat al pa-like pink/purple flower low deserts below 5000' SU"
154,Chrysactinia mexicana,Damianita Daisy,1,2,"Low mounding sub-shrub, dark green foliage, many small orange-yellow flowers to 3000' F"
155,Chrysopsis villosa ‘San,Bruno Mountain’ Golden Aster,1,2-3,"horticultural selection C. villosa var. bolanderi: origin = cuttings (1978) by Ted Low mounding perennial, rich green leaves, profuse bloom like a bright yellow ball Kipping; intro Yerba Buena Nsy 1980 (Syn. = Heterotheca sessiliflora ssp. b.)"
156,Clematis lasiantha,Pipestem Clematis,,,"Climbing deciduous vine, showy white flowers, plume seed head in summer inland below 6000'"
157,Clematis ligusticifolia,Virgin’s Bower,,,"Deciduous delicate-leaved vine, white flowers, thrives in shade communities"
158,Clematis pauciflora,Small-flowered Clematis,,,"Deciduous climbing vine, white flowers & plumes, fast, vigorous below 4000'"
159,Cleome isomeris (Isomeris arborea),Bladderpod,3-5,5,"Evergreen shrub, lacy gry/grn leaves, yel flwrs year-round, adaptable, drought resist foothills scrub SU"
160,Cneoridium dumosum,Bushrue,3-5,5,"Evergreen shrub, strong-scented leaf, white flowers, attractive red fruit, slow below 2500' chaparral"
161,Comarostaphylis diversifolia,Summer Holly,6-10,8,"Evergreen shrub or small tree, shiny leaves, white flowers, red berries, nice bark below 1500' SU"
162,Coreopsis gigantea,Giant Coreopsis,3-4,2,"Herbaceous perennial, fine-cut leaves, yellow daisy flower, forms fleshy ‘trunk’ coastal up to 150'"
163,Coreopsis maritima,Sea Dahlia,2,3,"Herbaceous perennial, narrow-lobed leaves, striking yellow bloom, fast, reseeds coastal below 200'"
164,Cornus nuttallii,Mountain Dogwood,15-20,15+,"Small deciduous tree, lime green leaves, showy white “flowers”, good fall color inland below 6000'"
165,Cornus stolonifera,Redtwig Dogwood,6-12,10+,"Decid shrub, large oval leaves become brilliant red in fall, wht flwrs, needs moisture below 9000'"
166,Cupressus arizonica ssp. arizonica (C. stephensonii),Cuyamaca Cypress,20-40,25,"Conifer, glaucous foliage, fine symmetrical form, good wind break, rare 3000 - 4000'"
167,Cupressus forbesii,Tecate Cypress,10-25,20,"Evergreen tree, rich light green foliage, reddish bark, ser vice able, fast 1500 - 5000'"
168,Cupressus montana,San Pedro Martir Cypress,8,8,"Medium evergreen tree, blue green fragrant foliage, small cones Baja California Cyperus species Nutsedge statewide many locations wide range many plant"
169,Dalea orcuttii,Orcutt’s Dalea,3,5-6,"Rounded shrub, delicate pinnate leaves, showy purple flower, tolerates heat endemic ? scrub"
170,Dendromecon harfordii,Channel,6-15,12,"Large evergreen shrub, large glaucous-green leaves, yellow flowers, needs drainage low elevations SU"
171,Dendromecon rigida,Bush Poppy,3-10,8,"Large evergreen shrub, large glaucous-green leaves, yellow flowers, needs drainage inland below 6000' SU"
172,Deschampsia caespitosa,Tufted Hairgrass,3,2,"Showy, dark green perennial bunch grass with golden spring flowers inland below 12,500' forest"
173,Dichelostemma capitatum,Wild-hyacinth,1,<1,"Bulb, compact heads of lavender-blue flowers, good in masses inland communities"
174,Dichondra occidentalis,Western Dichondra,<1,2,"Creeping perennial herb, bright green foliage, understory groundcover, rare Baja California chaparral"
175,Distichlis spicata,Salt Grass,<1,3+,"Low creeping perennial grass, salt or alkali tolerant, soil stabilizer low desert below 500' marsh"
176,Dudleya brittonii,Britton’s Chalk Dudleya,1,1,"Succulent, large open rosette of glaucous leaves, striking bloom endemic low elevations"
177,Dudleya edulis,San Diego Dudleya,<1,1,"Rosette-forming succulent, pencil-shaped pale green leaves, white flowers Baja California intermediate hills below 3500' chaparral"
178,Dudleya hassei,,1,1,"Succulent, gray finger-like leaves, long flowering stems, white flowers (Santa Catalina) below 1200'"
179,Dudleya lanceolata,Lance Leaved Dudleya,1,1,"Succulent, dark green leaves, yellow or red flowers on long stems intermediate below 3500' chaparral"
180,Dudleya multicaulis,Many-Stemmed Dudeya,1,<1,"Rare perennial from corms, yellow flowers, winter dormant, reveg. chaparral"
181,Dudleya pulverulenta,Chalk Dudleya,1,1,"Succulent, 12"" diameter rosette, glaucous leaves, interesting flower spikes intermediate below 3000' chaparral"
182,Dudleya virens,Green Liveforever,1,1,"Succulent, gray-green finger-like leaves, white flowers below 1200'"
183,Eleocharis macrostachya,Common Spike Rush,1-3,2+,"Clumping perennial sedge from rhizomes, rounded upright leaves (N. America) vernal pools"
184,Eleocharis montevidensis,Spike Rush,1,1+,Low tufted perennial with slender grasslike leaves communities
185,Elymus glaucus,Blue Wildrye,2-4,5+,"Spreading cool-season grass, great groundcover, slope-stabilizer below 7500' communities"
186,Encelia californica,Coast Sunflower,3,4,"Woody subshrub, bright green foliage, yellow daisy-type flower, fast grower up to 1600' chaparral"
187,Encelia farinosa,Incienso,3,4,"Woody subshrub, white-silvery leaves, yellow flowers, easy to grow, good inland high desert Epilobium (Zauschneria)"
188,Encelia californicum,California Fuchsia,1,4,"Herbaceous perennial, gray-green foliage, profuse bright orange-red flowers intermediate below 3500' communities"
189,Encelia canum,Hoary California Fuchsia,1,4,"Herbaceous perennial, linear tomentose gray leaves, orange-red flowers intermediate below 2000' chaparral"
190,Encelia ‘Catalina’,Catalina Fuchsia,1-3,4,"horticultural selection E. californicum: origin = cuttings (1987) Middle Ranch, Herbaceous perennial, gray-green leaves, large brilliant red flowers, long season Catalina Island, Los Angeles Co.; intro Tree of Life Nursery 1990"
191,Encelia latifolium,Hummingbird Trumpet,2,3,"Woody perennial, bright red trumpet-shaped flowers, hummingbirds to 9000' communities F"
192,Encelia ‘Wayne’,s Silver’ Silver California Fuchsia,1-2,2-3,"horticultural selection E. septentrionale: origin = cuttings (1970) by Small-scale groundcover, silver/white leaves, bright red flowers, rock garden Wayne Roderick, Eel River, Humboldt Co.; intro UC Berkeley 19__) F"
193,Ericameria cuneata,Compact Goldenbush,1,2-3,"Dense woody perennial, tiny deep green leaves, disk-type yellow flowers inland mountains to 9000' forest"
194,Erigeron glaucus ‘Arthur,Menzies’ Compact Beach Aster,1,2,"horticultural selection E. glaucus: origin = selected by Wayne Roderick, named Herbaceous perennial, very compact form, nice small-scale groundcover for former horticulturist at Golden Gate Park; intro Leonard Coates Nsy 1977 SU"
195,Eriodictyon crassifolium,Thickleaf Yerba Santa,6,8+,"Erect shrub, running rootstock, woolly grey-green leaves, lavender flowers, aromatic intermediate, inland below 6000'"
196,Eriogonum arborescens,Santa Cruz,2-5,5,"Woody perennial, silver foliage, beautiful cream-pink flowers, dependable low elevations chaparral"
197,Eriogonum cinereum,Ashy Leaf Buckwheat,2-5,6,"Compact perennial, gray leaves, pinkish-white flower sprays, excellent on coast"
198,Eriogonum crocatum,Conejo Buckwheat,1,2,"Herbaceous perennial, round white leaves, sulphur yellow blooms, rare & unique about 500'"
199,Eriogonum fasciculatum,California Buckwheat,3-4,4+,"Woody perennial, tiny narrow leaves, pink-white flower heads dry to rust color, fast communities F"
200,Eriogonum fasciculatum ‘Dana,Point’ Dana Point Buckwheat,1-3,5+,"horticultural selection E. fasciculatum: origin = cuttings (1983) Dana Point Low woody perennial, deep green leaves, fast growth, good groundcover headlands, south coast, Orange Co.; intro Tree of Life Nursery 1985 F"
201,Eriogonum fasciculatum ‘Warriner,Lytle’ ‘Warriner Lytle’ Buckwheat,1,4,"horticultural selection E. fasciculatum: origin = garden seedling (19__); Prostrate, evergreen groundcover, pink flower buds, fast growth, slopes intro Theodore Payne Foundation 198_"
202,Eriogonum giganteum,St. Catherine's Lace,3-6+,6,"Med shrub, white lvs, large showy sprays of white flowers, flower arrangements low elevations chaparral"
203,Eriogonum grande var. rubescens,Red Buckwheat,2,6,"Low perennial, small gray/green leaves, profuse dark pink flowers, compact low elevations coastal sage scrub F"
204,Eriogonum kennedyi,Cushion Buckwheat,<1,1,"Mat-forming, gray-leaved perennial, needs drainage, excellent in rock gardens high desert 4000 - 6500' woodland"
205,Eriogonum parvifolium,Coastal Buckwheat,1-2,4+,"Woody sub-shrub, leaves green above, gray beneath, white-pink flowers, prostrate low elevations coastal sage scrub"
206,Eriogonum umbellatum,Sulphur Buckwheat,1,3,"Woody perennial, small round gray leaves, yellow flowers, long season, compact form 2500 - 10,000' forest"
207,Eriophyllum confertiflorum,Golden-Yarrow,2,3,"Herbaceous sub-shrub, gray foliage, bright orange-yellow flowers, adaptable communities SU"
208,Eriophyllum nevinii,Catalina Silverlace,,4,"Medium perennial, silvery foliage, yellow flowers, nice in borders, rare, fast coastal below 500'"
209,Erysimum concinnum,Wallflower,,1,"Mat-forming perennial, highly fragrant, butter yellow flowers, borders SP"
210,Erysimum menziesii,Menzie’s Wallflower,1,2,"Low mat-forming biennial or perennial, dark green foliage, bright yellow flowers below 500' dune"
211,Euphorbia misera,Cliff Spurge,1-3,2,"Sparsely leaved shrub, grayish stems, inconspicuous flowers, containers, unique, rare Baja California islands low elevations creosote bush scrub SU"
212,Fallugia paradoxa,Apache Plume,4-6,5,"Semi-deciduous shrub, drk green lvs, single rose-like white flwrs, plumed seed head 4000 - 5500' SU"
213,Ferocactus viridescens,"Coast Barrel Cactus, Viznaga",1+,1,"Cactus, tan spines, yellow flowers, green/red fruit, nursery-produced seedlings up to 2500' grassland SU"
214,Festuca californica,California Fescue,2-3,2,"Large evergreen bunch grass with tall striking panicles, soil stabilizer, accent inland below 6000' woodland, forest"
215,Fragaria californica,Woodland Strawberry,1,3+,"Lovely evergreen creeping groundcover, showy white flowers, tasty berries inland below 7000' forest Frankenia species statewide many locations wide range many plant"
216,Fraxinus dipetala,California Ash,12,6,"Deciduous shrub or tree, showy creamy white flowers, takes heavy soil, attractive 300' - 4000' woodland"
217,Fremontodendron ‘California Glory’,,10-20,15,"hybrid, random; origin = seed (1949) F. californicum x F. mexicanum, Theodore Large shrub, fast growth, masses of large bright yellow flowers, popular Payne Foundation; intro Rancho Santa Ana Botanic Garden 1962"
218,Fremontodendron californicum,"California Flannelbush, Fremontia",10-20,15,"Tall evergreen shrub, olive green 'felted' leaves, pro fuse bright yellow flowers inland 3000 - 6000'"
219,Fremontodendron ‘El Dorado Gold’,,5,10,"hybrid F2; origin = (19__) F. decumbens x F. ‘Calif. Glory’, selected by Medium shrub, low mounding/spreading habit, small leaves, golden flowers D. Hildreth; intro Saratoga Horticultural Foundation"
220,Fremontodendron mexicanum,Mexican Flannelbush,6-15,10,"Large shrub, flowers yellow fading to orange, long season, sturdy growth (Otay Mtn, SD Co) about 1500' woodland"
221,Fremontodendron ‘Pacific Sunset’,,8-18,8-12,"Hybrid Flannel Bush hybrid; origin = controlled cross (1970) F. californicum x F. mexicanum Large upright shrub, arching branches, dark lobed leaves, orange/yellow flowers Rancho Santa Ana Botanic Garden; intro RSABG (1973)"
222,Fremontodendron ‘San Gabriel’,,8-18,8-12,"Hybrid Flannel Bush hybrid; origin = controlled cross (1970) F. californicum x F. mexicanum Large evergreen shrub, 3-4 inch leaves, cupped, buttercup yellow flowers Rancho Santa Ana Botanic Garden; intro RSABG (1973)"
223,Fremontodendron ‘West Hills Hybrid’,West Hills,4,8,"Hybrid Fremontia hybrid, F. decumbens x F. 'Cal. Glory': origin = Watsonville? Mounding evergreen shrub, arching branches, lobed leaves, orange-yellow flowers intro Wintergreen Nursery, Nevin Smith and Marshall Olbrich, 1986"
224,Galvezia juncea,Baja Bush-snapdragon,3,2,"Woody sub-shrub, small leaves, long stems, red flow ers, “rush-like” habit endemic low elevations to scrub SU"
225,Galvezia speciosa,,3,5,"Herbaceous sub-shrub, bright green leaves, red flowers, hum ming bird favorite, clean low elevations SU"
226,Galvezia speciosa ‘Firecracker’ ‘Firecracker’,,2-3,3,"Herbaceous sub-shrub, tomentose leaves, bright red flower, drought tolerant, compact intro Tree of Life Nursery 1986 SU"
227,Garrya elliptica,Coast Tasselbush,10-20,12+,"Shrub or small tree, dark green leaves, 8"" long pendulous flowers chaparral, forest"
228,Garrya elliptica ‘Evie’,Evie Silktassel,6-10,6-8,"horticultural selection G. elliptica: origin = cuttings (1971) by Wayne Roderick, Large evergreen shrub, dense, evergreen leaves, showy flower tassels Kruze Ranch, Sonoma Co.; intro Saratoga Horticultural Foundation 1975"
229,Garrya elliptica ‘James,Roof’ James Roof Silktassel,8-15,6-8,"horticultural selection G. elliptica: origin = cuttings (19__) by James Roof, Prairie Large shrub, evergreen leaves, long showy flower tassels Creek State Park, Humboldt Co.; intro Saratoga Horticultural Foundation 1955"
230,Grindelia camporum var. camporum (G. stricta),var. camporum (G. stricta),1-2,2,"Compact perennial groundcover, bright yellow flowers chaparral SU"
231,Helianthemum scoparium,Sun Rose,1,2,"Small subshrub, bright green foliage, bright yellow flowers, rock gardens inland below 5000' forest"
232,Hesperaloe parviflora,"Red Yucca  Chihuahuan Desert desert hills, arroyos scrub",5,4,"Clumping perennial, arching fibrous grass-like leaves, red flowers, hummingbirds"
233,Heteromeles arbutifolia,"Toyon, California Holly",8-15,15,"Large evegreen shrub, dark grn leaves, white flowers, showy red berries, specimen inland below 4000'"
234,Heteromeles arbutifolia var. macrocarpa,,15,15,Same as H. arbutifolia but with noticeably larger inflorescences and berries San Clemente Islands chaparral
235,Heteromeles ‘Davis Gold’,Golden-Berry Toyon,15,8,"horticultural selection H. 'Claremont': origin = F2 seedling 19__ U.C. Same as H. arbutifolia but with orange-yellow berries, interesting accent plant Davis Arboretum; intro Ellen Zagory (19__)"
236,Heuchera hybrids,,1,1-2,"Hybrid Coral Bells hybrids F2, random; origin = seedlings (1981) H. maxima x H. hybrids Herbaceous perennial, flowers white to crimson, good in masses or borders (H. splendens x); intro Tree of Life Nursery 1983"
237,Heuchera maxima,,1,1-2,"Perennial, round leaves, tall green/white flowers, woodland effect, good under oaks below 1500' chaparral"
238,Holodiscus discolor,Ocean Spray,6-10,6-8,"Medium upright shrub, handsome dark green foliage, showy cream-colored flowers below 5000' woodland, forest"
239,Hunnemannia fumariifolia,Mexican Tulip Poppy,3,3,"Erect perennial, related to California Poppy, glaucous leaves, bright yel flwrs, reseeds F"
240,Hymenoxys acaulis,Angelita Daisy,1,2,"Low mounding perennial, grass-like foliage, yellow flowers, good in pots below 8000'"
241,Hyptis emoryi,Desert Lavender,4-6,5,"Aromatic shrub, woolly gray leaves, lavender flowers, needs good drainage below 3000'"
242,Iris ‘Canyon Snow’,Canyon Snow Iris,1,2,"horticultural selection I. douglasiana ‘Alba’: origin = seedling (19__) Compact clumping perennial, pure white flower with yellow nectar guides selected by Dara Emery; intro Santa Barbara Botanic Garden, 1978"
243,Iris dou gla si ana,Dou glas Iris,1,2+,"Herbaceous perennial, white to purple flowers, border or accent, clumping habit"
244,Iris ‘Pacific Coast Hybrids’,,2,3+,"Hybrid Iris hybrid, random; origin = mixed seedlings F2, I. douglasiana x I. inominata back- Small clumping perennial, dark green leaf blades, various flower colors crossed w/hybrids, seed from TOLN select plants, orig.; intro Skylark Nsy 1975"
245,Isocoma menziesii var. menziesii (Haplopappus venetus),var. menziesii (Haplopappus venetus),1-3,3,"Woody sub shrub, disk-type yellow flowers, sun flow er family below 1000' coastal sage scrub F"
246,Iva hayesiana,San Diego Marsh Elder,1-3,5,"Woody perennial, spreads & tacks, erosion control, many soils, fast intermediate below 1000' coastal sage scrub"
247,Juglans californica,,8-25,20+,"Deciduous tree, long-lived, thrives in poor soils, tolerates heat below 2000' woodland"
248,Juncus acutus,Spiny Rush,2,2+,"Clumping perennial rush, spiked dark green blades, salt or alkali tolerant, neat below 1000' communities"
249,Juncus effusus ‘Spiralis’,Corkscrew Rush worldwide selected as an ornamental,1,2+,"Semi-evergreen rush, coiled slender foliage, keep moist, nice in pots, unique"
250,Juncus mexicanus,Mexican Rush,2,2+,"Creeping perennial rush, slender dark green blades below 11,000' communities"
251,Juncus patens,California Gray Rush,2,2+,"Perennial, rush with blue-gray foliage, vertical accent, containers, versatile below 5000'"
252,Juncus rugulosus,Wrinkled Rush,1-3,2+,"Rhizomatous perennial, ridged (wrinkled) cylindrical leaves, brown flowers, bogs below 6500'"
253,Juncus textilis,,3+,3+,"Creeping perennial rush, long upright thick green blades, basket weaving material below 6000' communities"
254,Juncus xiphioides,Iris-Leaved Rush,1-3,2+,"Perennial from creeping rootstock, flat leaf blades, moist locations below 7000' communities"
255,Juniperus californica,California Juniper,8-12,6+,"Stately evergreen shrub, blue-green ""berries"", good screen, needs drainage high desert below 5000' woodland"
256,Justicia californica,"Chuparosa, Beloperone",2-3,2-3,"Multi-stemmed shrub, small leaves, numerous red flowers, hummingbirds SU"
257,Justicia purpusii,"Chuparosa del Cabo  Baja Calif., coastal, canyons, hills, scrub",4-6,2-4,"Vining shrub, heart-shaped leaves, large orange/red flowers, loves heat, fast Cape Region intermediate mountains woodland SU"
258,Keckiella antirrhinoides,Yellow Bush Penstemon,4-6,6,"Dense medium shrub, small leaves, many small yellow flowers, attractive below 4500'"
259,Keckiella cordifolia,Heart-leaved Penstemon,3+,5+,"Vining shrub, bright green leaves, tubular red flowers, likes cool roots intermediate below 2500' woodland SU"
260,Lavatera assurgentiflora,Tree Mallow,10-15,10,"Evergreen shrub, large glossy leaves, lavender flowers, resists salt spray, fast screen below 500'"
261,Lavatera ‘Purisima’,,8-10,8+,"Hybrid Tree Mallow hybrid, random; origin = seedling (1983) L. venetus x L. assurgentiflora Large shrub, large leaf, showy 3"" flowers, erect symmetrical form, fast (hort. M. Benedict); intro Tree of life Nursery 1985 SU"
262,Lepechinia calycina,Pitcher Sage,3,4,"Medium upright shrub, aromatic woolly gray-green foliage, pink flowers inland below 3000' woodland"
263,Lepechinia fragrans,Fragrant Pitcher Sage,3,4,"Medium upright shrub, very aromatic gray-green foliage, lavender flowers intermediate below 3000'"
264,Lessingia filaginifolia v. californica,Carmel Aster,1,4-6,"Groundcover, silver/white leaves, lavender flowers, spreads & tacks, attractive below 1000' F Leymus (Elymus)"
265,Lepechinia condensatus,Giant Wild Rye,4-8,6,"Tall grass, short rhizomes, broad leaves, large flower/seed heads inland below 5000' woodland"
266,Lepechinia condensatus ‘Canyon,Prince’,3-4,3,"horticultural selection L. condensatus: origin = cuttings (1968) by Ralph Philbrick, Tall grass, short rhizomes, broad leaves, large flower/seed heads Prince Island off San Miguel Island, Santa Barbara Co.; intro SBBG 1986"
267,Lepechinia glaucus,Blue Wildrye,2-4,5+,"Semi-evergreen perennial grass, blue-green foliage, aggressive stabilizer below 7500' communities"
268,Lepechinia triticoides,"Creeping Wildrye, Beardless Wildrye",2-3,6+,"Spreading perennial grass, narrow blue-green blades, excellent soil stabilizer below 7500' communities"
269,Lepechinia triticoides ‘Gray,Dawn’ Gray Dawn Creeping Rye,2,3+,"horticultural selection L. triticoides: origin = divisions (1985) by Creeping perennial grass, bluish gray leaf blades, soil stabilizer, slopes, attractive Nevin Smith, Monterey County; intro Suncrest Nurseries 1990"
270,Lilium humboldtii,Humboldt Lily,5,1,"Tall grass, short rhizomes, broad leaves, large flower/seed heads"
271,Limonium californicum,Coast al Statice,1,2+,"Herbaceous perennial, basal leaves, pale blue-white flowers, tolerates salt spray plains, low elevs beach/dune F"
272,Linum lewisii,Blue Flax,2-3,1-2,"Upright perennial, blue green, fern-like foliage, delicate, sky blue flowers below 11,000' communities"
273,Lithocarpus densiflora,Tanbark-Oak,10-30,15+,"Evergreen tree, leathery leaves, conical crown, mod growth, good street tree intermediate below 4500'"
274,Lobelia laxiflora,Mexican Lobelia Bush,3,3-6,"Herbaceous shrub, mounding, linear leaves, bright red/orange flower, heat tolerant"
275,Lonicera hispidula,Pink Chaparral Honeysuckle,6-10,6+,"Climbing shrub, dark green leaves, showy pink flowers, attractive inland below 2500' forest"
276,Lonicera subspicata,Chaparral Honeysuckle,4+,4+,"Deciduous vining shrub, creamy white flowers, attractive orange berries intermediate below 3000'"
277,Lotus crassifolius var. otayensis,Otay Mountain Lotus,2,3,"Upright perennial, light green, hairy leaves and stems, flowers reddish, rare inland below 3000'"
278,Lotus scoparius,Deer Weed,2-3,3,"Perennial, small bright green leaves, numerous yellow flowers, fast inland below 5000' chaparral"
279,Lupinus chamissonis,Dune Lupine,3-5,4,"Medium woody perennial, silver foliage, lavender flowers below 500'"
280,Lycium brevipes,,6,5,"Med shrub, rigid branching, small leaves, lavender flowers, drought and heat tolerant below 2000'"
281,Lycium californicum,Box Thorn,3-6,6,"Low dense shrub, rigid branches, tiny leaves, pink flowers, salt tolerant coastal below 500'"
282,Lyonothamnus floribundus ssp. asplenifoliusFern-leaved,Catalina Ironwood,20-35,15,"Evergreen tree, fern-like divided leaves, beautiful form, good in groves, fast up to 1700' woodland"
283,Lysiloma candida,Palo Blanco,20,15,"Semi-deciduous tree, smooth white bark, ball-shaped cream-colored flowers, rare Baja California"
284,Lysiloma thornberi,Fern-of-the-Desert,15,15,"Large shrub or small tree, open, airy habit, flowers small cream-colored balls hills, to 4000'"
285,Mahonia aquifolium,Oregon Grape,4-6,4,"Evergreen shrub, glossy pinnate leaves, yellow flowers, blue fruit below 7000'"
286,Mahonia ‘Golden Abundance’,,5-8,6,"Hybrid Oregon Grape hybrid, F2; origin = seedling (1962) M. pi p e ri ana x (M.aquifolium x amplectans); Evergreen shrub, shiny leaves, many bright yellow flowers, screen, hedge, accent intro Rancho Santa Ana Botanic Garden 1964"
287,Mahonia nevinii,Nevin's Barberry,4-12,12,"Evergreen shrub, glaucous leaves, yellow flowers, dense, good screen, barrier, slow below 2000' chaparral"
288,Mahonia repens,Creeping Mahonia,1,3+,"Low evergreen shrub/groundcover, dark green leaves, underground stems, dry shade below 7000'"
289,Malacothamnus clementinus,San Clemente,4-5,8+,"Medium shrub, tomentose leaves, white flowers, suckers, rare, fast (San Clemente) below 1000'"
290,Malacothamnus fasciculatus,Chaparral Mallow,3-12,6,"Medium shrub, dense, upright, many pink flowers, very fast intermediate below 2500' chaparral"
291,Malosma laurina (Rhus laurina),Laurel Sumac,8-15,12+,"Evergreen shrub, dense dark green foliage, reddish when young, rapid growth intermediate below 3000' chaparral"
292,Melica imperfecta,Coast Range Melic,1-3,2,"Perennial bunch grass, bright green leaves, spikelets dark, then turn golden inland below 4000' woodland Mimulus (Diplacus)"
293,Malacothamnus aurantiacus (M. longiflorus),Bush Monkeyflower,2,3,"Woody subshrub, sticky light green leaves, profuse buff-coral blooms intermediate up to 5000' chaparral"
294,Malacothamnus cardinalis,Scarlet Monkeyflower,1-4,4,"Herbaceous perennial, soft green leaves, bright red flowers, underground rootstock below 8000'"
295,Malacothamnus guttatus,Golden Monkeyflower,1-3,3,"Small spreading perennial, bright yellow flowers, good for ponds, moist places below 10,000' communities"
296,Malacothamnus puniceus,Red Monkeyflower,2,3,"Woody subshrub, dark green narrow leaves, crim son to brick-red flowers intermediate below 2500' chaparral"
297,Mirabilis bigelovii,Desert Four O’Clock,2,4,"Mounding subshrub, heart-shaped leaves, many white flowers, rock gardens below 7000' F"
298,Mirabilis californica,Wishbone Bush,,3,"Compact perennial, small pink flowers, good on slopes and in poor soils grassland SP"
299,Monardella linoides ssp. viminea,San Diego Willowy Mint,3,3-4,"Herbaceous perennial, grayish aromatic foliage, pale purple flowers, long season about 500' chaparral"
300,Monardella macrantha,Scarlet Coyote Mint,1,2-3,"Low-growing, spreading perennial, bright red tubular flowers, drainage below 6000' woodland, forest"
301,Monardella odoratissima,Mountain Pennyroyal,1,3,"Trailing perennial, fragrant, profuse rose purple flowers, attracts butterflies"
302,Monardella villosa,Coyote Mint,2,2,"Low perennial, dark green leaves, aromatic, lavender bloom, attracts butterflies intermediate SU"
303,Muhlenbergia rigens,Deergrass,2,2,"Dark green bunchgrass, tall elegant white flower spikes inland communities"
304,Myrica californica,Pacific Wax Myrtle,10-25,10+,"Evergreen shrubby tree, glossy dark green narrow leaves, fragrant, fine finish intermediate below 500' forest Nassella (Stipa)"
305,Monardella cernua,Nodding Needlegrass,1-3,2,"Perennial bunchgrass, deep green leaves, beautiful large flower & seed heads intermediate chaparral"
306,Monardella lepida,Foothill Needlegrass,2,2,"Perennial bunchgrass, fine leaves, graceful flower & seed heads, accent intermediate below 4000' chaparral"
307,Monardella pulchra,Purple Needlegrass,2,2,"Perennial bunchgrass, deep green leaves, beautiful purple seed heads inland below 5000' woodland"
308,Nolina parryi,Parry’s Nolina,4,3-6,"Clumping, yucca-like cream-colored flowers, spectacular inflorescence, accent below 3000' chaparral"
309,Nolina parryi ssp. wolfii,Wolf’s Bear-grass,8-15,8+,"Large yucca-like plant, gray/green leaves, large heads of creamy white flowers 3500 - 6000' SU"
310,Oenothera elata (hookeri),Yellow Evening Primrose,1-4,1,"Biennial or short-lived perennial, tall flowering stalks, large pale yellow flowers below 9000' communities"
311,Oenothera speciosa ‘Rosea’ (O. berlandieri),Pink Evening Primrose,1,3+,"Herbaceous perennial, low, spreading, many 2” pink flowers during daytime ?S U"
312,Oenothera stubbei,Saltillo Evening Primrose,<1,4+,"Herbaceous perennial, gray-green leaves, large yellow flowers in evening, long season ?S U"
313,Opuntia littoralis,"Coastal Prickly Pear, Tuna",2-3,6-10,"Low-growing cactus, spiny pads, important coastal sage scrub, wildlife intermediate below 1200' chaparral"
314,Opuntia parryii,Snake Cholla,2-5,3-5,"Low to medium upright cactus, spiny cylindric segments intermediate below 6000' chaparral"
315,Opuntia prolifera,Coastal Cholla,3-6,3-6,"Medium upright cactus, spiny cylindric segments, coastal cactus wren habitat below 600'"
316,Ornithostaphylos oppositifolia,Baja Bird Bush,6-10,8,"Attractive small tree, narrow leaves, white flowers, smooth bark, specimen, rare below 2500'"
317,Parkinsonia aculeata,Mexican Palo Verde,8-20,20,"Deciduous tree, green branches/trunk, yellow flowers, drought & salinity tolerant about 500'"
318,Penstemon azureus,Azure Penstemon,1-2,2-3,"Low-growing perennial, blue-green foliage, profuse lavender-blue flowers below 7500' woodland, forest"
319,Penstemon baccharifolius,Desert Penstemon,2,2,"Small perennial, toothed evergreen leaves, red flowers, attracts hummingbirds Sonoran Desert grassland"
320,Penstemon centranthifolius,Scar let Bugler,1-2,1,"Herbaceous perennial, narrow gray-green leaves, scarlet flower, erect, showy below 6500'"
321,Penstemon grinnellii,Grinnell's Penstemon,2,3,"Herbaceous perennial, dense habit, lime green leaves, large pale lavender bloom 4500 - 9500' SU"
322,Penstemon heterophyllus var. australis,Foothill Penstemon,2,2,"Herbaceous perennial, narrow leaves, abundant rose-violet to lilac tubular flowers intermediate below 5000' SU"
323,Penstemon ‘Margarita’,Margarita Penstemon,1,2,"hybrid, random; origin = seedling 198_ P. heterophyllus x P. laetus Compact perennial, prolific, intense blooms, slopes, rock gardens, border edges intro Las Pilitas Nursery as 'Margarita BOP,' 199_’"
324,Penstemon palmeri,Palmer’s Penstemon,3,2,"Medium perennial, large gray-green leaves, showy lavender-pink flowers below 6000' woodland"
325,Penstemon spectabilis,Showy Penstemon,2-3,3,"Herbaceous perennial, tall flower spikes of lavender-purple, many flowers intermediate below 6000' chaparral SU"
326,Perityle incana,Guadalupe,2-3,3+,"Woody sub-shrub, silver foliage, yellow 'Dusty Miller' bloom, dependable endemic (Guadalupe) low elevations woodland"
327,Philadelphus lewisii,Wild Mock Orange,6-8,4-5,"Deciduous shrub, large dark green leaves, highly fragrant white flowers SU"
328,Philadelphus microphyllus,Littleleaf Mock Orange,6,4,"Deciduous shrub, 1” elliptic leaves, rounded form, showy fragrant white flowers high desert 5000 - 9000'"
329,Physocarpus capitatus,Ninebark,4-6,4-6,"Deciduous shrub, handsome foliage, showy creamy white flower clusters inland below 4500'"
330,Pinus contorta,Shore Pine,10-30,10,"Small, compact conifer, short needles, specimen, rock gardens below 500'"
331,Pinus coulteri,Coulter Pine,20-65,35,"Large symmetrical conifer, long deep green needles, huge cones, great inland intermediate 1000 - 7000' forest"
332,Pinus edulis,Piñon Pine,10-20,10+,"Small conifer, needles dark green in twos, stately tree, very slow-growing 4500 - 9000'"
333,Pinus monophylla,Singleleaf Piñon Pine,8-20,10+,"Small conifer, gray-green needles, extremely drought tolerant, very slow high desert 3500 - 9000'"
334,Pinus muricata,Bishop Pine,50,20,"Variable, picturesque tree, six-inch needles in bundles of two, good near coast coastal below 1000' chaparral"
335,Pinus radiata,Monterey Pine,30+,15+,"Large, symmetrical conifer, open form, long needles, fast growth below 1000' woodland"
336,Pinus sabiniana,Foothill Pine,20-60,35,"Large conifer, open airy form, long gray-green needles, tolerates heat inland below 4500'"
337,Pinus torreyana,Torrey Pine,40-70,35,"Large conifer, open picturesque form, tolerant of pollution, rapid growth below 500'"
338,Platanus racemosa,Western Sycamore,40+,30+,"Deciduous tree, large palmate leaf, mottled white bark, majestic specimen intermediate below 4000' SP"
339,Pluchea sericea,Arrow Weed,4-6,5,"Medium upright shrub, light green narrow leaves, rose-colored flowers inland, deserts below 1500'"
340,Polypodium californicum,California Polypody,,11,"Small fern, light green fronds, needs drainage, summer dormant, good in pots inland below 4000' css, woodland"
341,Polystichum munitum,Western Sword Fern,,32,"Attractive evergreen fern, rich green fronds, perfect for shade gardens inter, inland hills below 2500' forest"
342,Populus balsamifera ssp. trichocarpa (P. trichocarpa)Black,Cottonwood,40-70+,40+,"Deciduous tree, leaves shimmer in breezes, good shade tree, windbreak mtns below 9000'"
343,Populus fremontii,Western Cottonwood,30-50+,35+,"Deciduous tree, triangular yellow-green leaves, heat-drought tolerant below 6500'"
344,Potentilla fruticosa,Bush Cinquefoil,3,4,"Low perennial, lobed toothed leaves, bright yellow strawberry-like flowers inland below 12,000'"
345,Potentilla glandulosa,Sticky Cinquefoil,2,3,"Low perennial, small cream to yellow flowers inland below 8000' communities"
346,Prosopis glandulosa var. torreyana,Mesquite,6-15,10+,"Deciduous shrubby tree, pinnate leaves, yellow flowers, deep-rooted, good in desert low deserts hills, below 5000'"
347,Prosopis juliflora,Mesquite,15,25,"Large shrub or small tree, pinkish flower spikes, screen or accent"
348,Prosopis pubescens,"Tornillo, Screw-Bean Mesquite",20,25,"Large shrub or small tree, yellowish flower spikes, seed pods tightly coiled, specimen below 2500'"
349,Prunus ilicifolia ssp. ilicifolia (P. ilicifolia),Hollyleaf Cherry,3-20,10+,"Evergreen shrub/small tree, lush growth, white flowers, red fruit, drought tolerant below 5000' woodland"
350,Prunus ilicifolia ssp. lyonii (P. lyonii),Catalina Cherry,10-40,15,"Evrgrn shrub/small tree, clean glossy lvs, white flowers, re sis tant to oak root fungus up to 1500'"
351,Prunus virginiana var. demissa,Western Chokecherry,15,10,"Large deciduous shrub or multi-tree, fragrant white flowers, berries, wildlife inland mountains to 8000' woodland, forest"
352,Pseudotsuga macrocarpa,Big Cone Spruce,50+,25,"Conical evergreen tree, sweeping branches, pendulous cones mountains to 6000'"
353,Purshia tridentata,Antelope Bitterbrush,5-10,8,"Evergreen shrub, gray leaves, white flowers, drought, cold and wind tolerant 3000 - 10,000'"
354,Pycnanthemum californicum,California Mint,2,3+,"Aromatic, spreading perennial herb, lush green leaves, delicate pink flowers inland below 5500' woodland"
355,Quercus agrifolia,Coast Live Oak,20-40,35+,"Evergreen tree, spreading crown, cupped dark green oval leaves, beautiful specimen intermediate below 3000' woodland"
356,Quercus berberidifolia (Q. dumosa),Scrub Oak,3-10,8,"Small evergreen tree, dense foliage, branch structure open with age, deep-rooted inland be low 5000' woodland"
357,Quercus chrysolepis,Canyon Live Oak,15-40,30+,"Evergreen tree, round crown, leaves variable, large acorns, moderate growth inland below 6500'"
358,Quercus douglasii,Blue Oak,15-40,30+,"Deciduous tree, round crown, lobed blue-green leavs, heat & drought tolerant inland below 3500'"
359,Quercus dumosa,Nuttall’s Scrub Oak,3-10,15,"Large evergreen shrub, dense habit, attractive leaves & branch es, good soil binder be low 650' chaparral"
360,Quercus engelmannii,Engelmann or Mesa Oak,20-40,25+,"Evergreen tree, open structure, blue-green foliage, skyline tree, specimen below 4000' woodland"
361,Quercus kelloggii,California Black Oak,15-40,30+,"Deciduous tree, erect form, black bark, spring & fall color, slow growth inland 1000 - 8000' forest"
362,Quercus lobata,Valley Oak,15-40,35+,"Deciduous tree, round crown, round lobed leaves, good inland, majestic inland below 2000' woodland"
363,Rhamnus californica,California Coffeeberry,5-15,10,"Evergreen shrub, shiny leaves, creamy flowers, dark red fruit, desirable intermediate below 3500' woodland"
364,Rhamnus californica ‘Bonita,Linda’ Coffeeberry,8,10,"horticultural selection R. californica: origin = cutting by Jeff Bohn (1987); Large shrub, lacy gray foliage, dark red berries, screen, specimen intro Tree of Life Nursery 1993"
365,Rhamnus californica ‘Eve,Case’ Coffeeberry,4-6,5,"horticultural selection R. californica: origin = seedling (1957) from R. californica Evergreen shrub, selected compact form, clean shiny leaves, large berries ‘Seaview’; intro Saratoga Horticultural Foundation 1975"
366,Rhamnus californica ‘Little,Sur’ Coffeeberry,3-4,3,"horticultural selection R. californica: origin = cuttings (1985) Little Sur Evergreen shrub, very compact form, dark green leaves, red berries, coastal, tidy River mouth, central coast, Monterey Co.; intro Tree of Life Nursery 1987"
367,Rhamnus californica ‘Mound,San Bruno’ San Bruno Coffeeberry,5,5,"horticultural selection R. californica; origin = cuttings 1983 San Bruno Mountain; Compact evergreen shrub, attractive form, foliage and berries, foundation intro Roger Raiche, 1991"
368,Rhamnus crocea,Redberry,3-4,3,"Small evergreen shrub, intricate branching, tiny dark green leaves, attractive fruit below 3000' chaparral"
369,Rhamnus crocea ssp. insula,Santo Thomas Redberry,6-10,8,"Medium evergreen shrub, glossy green leaves, small red fruit, good screen/hedge endemic below 2500' chaparral"
370,Rhamnus ilicifolia (R. crocea ssp. ilicifolia),Hollyleaf Redberry,5-10,6,"Medium evergreen shrub, holly-like leaves, red berries, informal screen/hedge inland be low 5000' woodland, forest"
371,Rhododendron occidentale,Western Azalea,4-6,5+,"Large deciduous shrub, fragrant, showy white flowers, attractive inland below 7500' communities"
372,Rhus integrifolia,Lemonade Berry,5-15,10+,"Evergreen shrub, leaves shiny dark green, leathery, good hedge, slope stabilizer intermediate below 2500' chaparral"
373,Rhus lentii,Pink-flowering Sumac,4-8,8,"Evergreen shrub, dense habit, silver-green foliage, many flowers, large fruit endemic low desert low elevations"
374,Rhus microphylla,"Littleleaf Sumac, Lima de la Sierra",6,8,"Deciduous shrub, rigid branches, tiny leaves, red-orange berries, heat tolerant Mexico"
375,Rhus ovata,Sugarbush,8-15,10+,"Evergreen shrub, fresh green leathery lvs, white/pink bloom, good inland, desirable inland below 2500'"
376,Rhus trilobata,Basket Sumac,3-5,4,"Deciduous shrub, small trifoliate leaves, creamy flower clusters, hardy inland 1500 - 3500' woodland"
377,Ribes amarum,Bitter Gooseberry,,4,"Deciduous shrub, small leaves, small pendulous flowers, bristly berries woodland"
378,Ribes aureum var. gracillimum,Golden Currant,4-6,4,"Medium semi-deciduous upright shrub, yellow flowers, orange berries below 2500' woodland"
379,Ribes indecorum,White Flowering Currant,4-6,5,"Deciduous shrub, erect open habit, round leaves dark green, early color below 5000' chaparral SP"
380,Ribes malvaceum,Chaparral Currant,5-8,5,"Deciduous shrub, erect habit, early leaf drop, pink flowers, good inland inland below 5000' woodland SP"
381,Ribes malvaceum ‘Dancing,Tassles’ Dancing Tassles Currant,,5,"horticultural selection R. malvaceum var. malvaceum; origin = cuttings 1990 Upright deciduous shrub, 5'' long pendulous light pink flowers by Bart O’Brien and Tom Hayduk, San Clemente Island; intro RSABG 1996"
382,Ribes sanguineum var. glutinosum,Red Flowering Currant,3-8,5,"Deciduous shrub, erect, dark grn lobed leaves, drk pink to drk red flowers, showy 2000 - 6000'"
383,Ribes speciosum,Fuchsia Flowering Gooseberry,4-10,7,"Dec shrub, small dark grn leaves, prickly branches, ma roon-red flwrs, attracts birds intermediate below 1500' woodland"
384,Ribes thacherianum,Santa Cruz,3-8,6,"Deciduous shrub, arching prickly branches, dark green leaves, maroon-pink flowers (Santa Cruz) low elevations chaparral"
385,Ribes viburnifolium,"Evergreen Currant, Catalina Perfume",3-4,6,"Low evergreen shrub, shiny dark green leaves, non-invasive, aromatic, under oaks below 1000'"
386,Romneya coulteri,Matilija Poppy,3-6,8+,"Clumping evergreen perennial, glaucous leaves, large showy white flowers below 4000' chaparral"
387,Romneya trichocalyx,Hairy Matilija Poppy,4,3+,"Upright perennial, creeping rootstock, blue-green leaves, large ""fried egg"" flowers inland below 3600' chaparral"
388,Romneya ‘White Cloud’,White Cloud Matilija Poppy,4-5,6+,"hybrid, random; origin = plant, 1940 R. coulteri x R. trichocalyx?; Clumping evergreen perennial, compact growth, extra large flower, excellent intro Theodore Payne pre-1956"
389,Rosa californica,California Wild Rose,3-6,5+,"Mounding semi-decid shrub, fresh green leaves, many single pink flowers, fragrant intermediate below 6000' woodland"
390,Rosa minutifolia,,3-6,5+,"Mounding semi-decid shrub, tiny leaves, bristles, many small single pink flowers Otay and Baja intermediate below 2000' SU"
391,Rubus ursinus,California Blackberry,2-5,6+,"Mounding shrub/vine, bristles, large trifoliate leaves, white flowers, fast, revegetation below 3000' SU"
392,Salicornia subterminalis,"Pickleweed, Glasswort",<1,2,"Perennial with succulent, leafless, jointed stems, restoration alkali sink"
393,Salicornia virginica,Common Pickleweed,1-2,3,"Leafless perennial, succulent branchlets, extensive colonies along coast, restoration"
394,Salix exigua (S. hindsiana),Sandbar Willow,6-15,10+,"Small deciduous tree, clumping, gray furrowed bark, gray-silky leaves (not deserts) be low 3000'"
395,Salix gooddingii,Black Willow,20-40+,20,"Deciduous tree, rough dark bark, narrow light green leaves, fast below 2000'"
396,Salix laevigata,Red Willow,10-40,25+,"Deciduous tree, narrow light green leaves, red-brown to yel low ish twigs below 5000'"
397,Salix lasiolepis,Arroyo Willow,6-30,20+,"Deciduous tree, smooth bark, leaves dark green, glau cous below below 7000'"
398,Salix lucida ssp. lasiandra (S. lasiandra),Lance-leaf Willow,20-30,20+,"Deciduous tree, rough brown bark, large leaves, dark green above, glaucous below (not deserts) be low 8000'"
399,Salvia ‘Allen Chickering’,Allen Chickering Sage,3,4,"hybrid, random; origin = seedling (19__) S. clevelandii. x S. leucophylla; Woody sub-shrub, mounding habit, dark green foliage, rich blue-purple bloom intro Rancho Santa Ana Botanic Garden 1949 SU"
400,Salvia ‘Aromas’,,3,3,"hybrid, random; origin= seedling (19_, Ken Taylor) S. clevelandii x ? ; Medium evergreen shrub, aromatic gray-green foliage and deep lavender flowers intro Saratoga Horticultural Foundation 1981-82"
401,Salvia apiana,White Sage,3-5,5,"Woody sub-shrub, long willow-like stems, white leaves & flowers, aromatic intermediate below 5000' chaparral"
402,Salvia ‘Bee’,s Bliss’ hybrid; origin= cuttings (19__) S. leucophylla x clevelandii or sonomensis;,1-2,3+,"Small-scale mounding groundcover, gray-green leaves, lavender-pink flower spikes intro Roger Raiche UC Bot. Gdn. 1989"
403,Salvia brandegei,Brandegee’s Sage,3-4,4,"Small shrub, dark green linear leaves, small pale blue flowers, aromatic, rare Baja coastal below 500'"
404,Salvia cedrosensis,,1-2,2,"Small perennial, felty gray-green leaves, blue or white flowers, attractive coastal"
405,Salvia chamaedryoides,Electric Blue Sage,2-3,3+,"Mounding evergreen perennial, gray-green foliage, small bright blue flowers communities"
406,Salvia clevelandii,Cleveland Sage,5,4,"Woody sub-shrub, mounding habit, ash-gray leaves, purple flowers, aromatic intermediate below 3000' chaparral SU"
407,Salvia clevelandii ‘Winifred,Gilman’,3,3,"horticultural selection S. clevelandii: origin= (plant? (19_) site?; Compact upright shrub, red flowering stems, violet-blue flowers intro Strybing Arboretum 1964"
408,Salvia coahuilensis,Coahuila Sage,2-3,2-3,"Perennial herb, fragrant foliage, beet-purple flowers"
409,Salvia ‘Dara',s Choice’ Creeping Sage,1-2,3,"Hybrid hybrid; origin = seedling (1972) S. sonomensis x S. ?, UC Davis; intro Herbaceous perennial, glaucous-green leaves, deep lav en der bloom, vigorous Santa Barbara Botanic Garden 1979"
410,Salvia greggii,"Autumn Sage  Chihuahuan Desert many locations plains, hills grassland",3,3,"Woody perennial, abundant flowers in many colors, hummingbirds & butterflies 5000 - 9000' woodland -F"
411,Salvia leucophylla ‘Point,Sal’ Purple Sage,3-4,4-6,"Medium prostrate shrub, gray-green to white leaves, pinkish purple flowers"
412,Salvia mellifera,Black Sage,3-5,6+,"Woody sub-shrub, erect habit, dark green aromatic leaves, flowers blue, lilac or white intermediate below 2000' chaparral SU"
413,Salvia mellifera ‘Tera,Seca’ Tera Seca Sage,1-2,6+,"horticultural selection S. mellifera: origin= cuttings ? (1976) Big Sur Lighthouse, Low evergreen sub-shrub, shiny dark green leaves, white flowers, fast growth Monterey Co.; intro______ (Syn. = S. m. ‘prostratus’ 1981) SU"
414,Salvia microphylla,Red Summer Sage,3,5,"Woody sub-shrub, tight habit, bright green leaves, red-carmine flowers, accent New Mexico ? woodland F"
415,Salvia muelleri,Royal Purple Sage,2,4,"Shrubby perennial herb, grassy green fragrant foliage, royal purple flowers communities"
416,Salvia munzii,San Miguel Mountain Sage,2-3,3,"Woody sub-shrub, compact, ash-green leaves, clear blue flowers, tolerates heavy soil intermediate below 2500' chaparral"
417,Salvia sonomensis,Creeping Sage,<1,4+,"Herbaceous perennial, very low mat, glaucous-green leaves, blue-violet flower spikes inland be low 6500' woodland SU"
418,Salvia spathacea,Hummingbird Sage,2,3,"Perennial, forms dense mat, many dark red flower spikes, attracts hummingbirds communities SU"
419,Sambucus mexicana,Mexican Elderberry,6-20,15+,"Deciduous shrub/small tree, creamy flowers, bluish fruit, adaptable, screen below 4500' communities"
420,Satureja chandleri,San Miguel Savory,<1,3,"Herbaceous perennial, pubescent leaves, small white flowers, stems spread & tack intermediate below 3000'"
421,Satureja douglasii,Yerba Buena,<1,3+,"Trailing evergreen perennial herb, highly aromatic foliage, small white flowers below 3000' woodland"
422,Scirpus americanus,Three-Square,5+,3+,"Large perennial, thick three-sided blades, light brown infloresence, good in ponds below 7000'"
423,Scirpus californicus,California Bulrush,8+,4+,"Tall perennial with long dark green blades, needs moisture below 650'"
424,Scirpus cernuus,Fiber Optics Grass,<1,1,"Densely tufting perennial, bright green foliage, water gardens intermediate species Tule statewide many locations wide range many plant"
425,Senecio flaccidus var. douglasii (S. douglasii),Bush Groundsel,2-5,3,"Woody sub-shrub, finely cut silver foliage, yellow “daisy” flowers, long bloom inland below 5000' grassland Senna (Cassia)"
426,Scirpus armata,Spiny Senna,2,3,"Rounded shrub, usually leafless, pale green pointed branches, bright yellow flowers below 3000'"
427,Scirpus lindheimeriana,Lindheimer Senna,6,6,"Semi-woody shrub, soft pinnate leaves, abundant showy yellow flowers, fast growth Mexico 4500' - 5500'"
428,Sequoia sempervirens,Coast Redwood,40-80,30+,"Massive conifer, red bark, dark green awl-shaped needles, grove, specimen below 2000'"
429,Sequoiadendron giganteum,Giant Sequoia,40+,20+,"Massive evergreen tree, furrowed bark, cinnamon-red color, blue-green foliage central inland below 8500'"
430,Shepherdia argentea,Silver Buffaloberry,4-15,10,"Deciduous shrub, silvery, drought/alkali tolerant, ex cel lent erosion control high desert 3500 - 6500'"
431,Simmondsia chinensis,"Jojoba, Goatnut",6-10,8+,"Medium evergreen shrub, yellow/green lvs, green fruit, good in many soils & climates low deserts be low 5000'"
432,Sisyrinchium bellum,Blue-eyed Grass,1,1,"Perennial, grass-like leaves, many dainty purple flowers, long bloom, reseeds inland be low 3000' communities"
433,Sisyrinchium californicum,Golden-eyed Grass,<1,1,"Perennial, stout leaves, yellow flowers, prefers moist soil, good drainage low elevations"
434,Solanum douglasii,White Nightshade,3-6,5,"Herbaceous perennial, oval-shaped wavy leaves, nodding white star-like flowers woodland"
435,Solanum hindsianum,Mariola,3-6,4,"Open shrub, felty light green foliage, large pale lavender flowers inland"
436,Solanum wallacei,Wallace’s Nightshade,2-3,3,"Herbaceous subshrub, gray-green foliage, showy light purple flowers Island below 2000' SU"
437,Solanum xantii,Purple Nightshade,2,2,"Herbaceous perennial, purple flowers, good accent color, long season intermediate below 4000' woodland"
438,Solidago californica,California Goldenrod,1-2,3+,"Low spreading perennial, golden yellow flowers, showy below 7500'"
439,Sphaeralcea ambigua,Desert Mallow,2-3,2,"Woody perennial, gray-green woolly foliage, many bright orange flwrs, long season low deserts below 4000' SU"
440,Spiraea douglasii,Western Bridalwreath,4-8,3-5,"Small upright deciduous shrub, rose-colored flower clusters, unique below 6000' communities"
441,Sporobolus airoides,Alkali Dropseed,2,3,"Fine perennial bunchgrass, airy pink flower panicles, accent, tolerates poor soil inland to 6000' communities"
442,Stachys bullata,Hedge Nettle,<1,3+,"Low spreading perennial, light green pubescent leaves, small pink flowers below 2000' riparian"
443,Styrax officinalis,Snowdrop Bush,6-8,5+,"Medium to large upright deciduous shrub, fragrant white flowers, ornamental inland below 5000' woodland"
444,Symphoricarpos mollis,Creeping Snowberry,1-3,3,"Deciduous trailing shrub, pink flowers, pure white fruit very evident fall/winter intermediate below 3000' woodland"
445,Tagetes lemmoni,Mountain Marigold,4,8,"Med woody perennial, mounding, dark green foliage, bright yellow-orange flowers below 8000'"
446,Tecoma stans,Yellow Bells,12,6,"Semi-evergreen tree, bright yellow trumpet-type flowers, attracts hummingbirds Baja California below 5500'"
447,Thalictrum fendleri var. polycarpum,Meadow Rue,2,2,"Perennial, foliage like maidenhair fern, intricate flowers, woodland effect intermediate below 2500'"
448,Solanum,Toxicodendron (Rhus) diversilobum Poison Oak,3-6,6+,"Deciduous shrub, vining, shiny leaves, skin irritant, valuable for wildlife, revegetation below 5000' communities"
449,Trichostema lanatum,Woolly Blue Curls,2-4,4,"Small evergreen shrub, dark green aromatic leaves, profuse purple blooms, striking intermediate below 3500'"
450,Typha domingensis,,6+,3+,"Tall upright perennial, long slender blades, cinnamon-brown flowering stalk below 5000' communities"
451,Typha latifolia,Broad-leaved Cattail,6+,3+,"Erect rhizomatous perennial, red-brown inflorescence, emergent"
452,Umbellularia californica,California Bay Laurel,30-80,25+,"Large evergreen tree, aromatic shiny green leaves, quite adapt able, stately inland below 5000'"
453,Vaquelinia californica,,15,10,"Evergreen upright shrub, reddish-brown bark, white flowers, sub for Oleander Baja California desert below 5000'"
454,Venegasia carpesioides,Canyon Sunflower,3-5,3,"Medium perennial, large bright green leaves, golden yellow flowers, needs moisture intermediate below 2700' woodland"
455,Verbena lilacina,Lilac Verbena,2-3,4,"Herbaceous sub-shrub, rich green foliage, fragrant lavender flowers, long season, adapts endemic coastal ?"
456,Viguiera laciniata,San Diego County Viguiera,3,3,"Small shrub, bright orange-yellow flowers, likes heat intermediate communities"
457,Viguiera lanata,Woolly-Leaf Sunflower,4,4,"Medium perennial, woolly white stems and leaves, yellow disk-type flowers, accent Cedros Island coastal"
458,Vitis californica ‘Roger’s,Red’ California Wild Grape,,,"horticultural selection V . californica: origin = cuttings (1980) by Vigorous deciduous vine, beautiful fall color, tasty blue fruit, fast Roger Raiche, banks of the Russian River, Mendocino Co.; intro UC 1985"
459,Vitis girdiana,Desert Wild Grape,,,"Deciduous vine, dark blue-black berries, strong climber, fast growth intermediate below 4000' woodland"
460,Woodwardia fimbriata,Giant Chain Fern,4-6,4,"Large fern, striking fronds, excellent near ponds or stream beds below 5000' communities"
461,Xylococcus bicolor,Mission Manzanita,,6,"Lg shrub to sm tree, reddish shredding bark, wht urn-shaped flwrs, needs drainage below 2000' forest"
462,Yucca schidigera,Mohave Yucca,3-6,5,"Succulent, spiny green sword-like leaves, white flowers, prefers good drainage low deserts be low 5000' SU"
463,Yucca whipplei,"Foothill Yucca, Our Lord’s Candle",3,3,"Succulent, glaucous leaves, magnificent creamy white bloom spike, bold form 1000 - 4000' chaparral"
